name,email,phone_number,gender,address
Burg,bfaughey0@yahoo.co.jp,01839500005,Female,13th Floor
Keen,kmager1@symantec.com,01839500006,Genderfluid,Room 1005
Douglass,dbradforth2@flickr.com,01839500007,Male,Suite 24
Enos,egarth3@so-net.ne.jp,01839500008,Female,Suite 92
Raymund,rcully4@naver.com,01839500009,Male,Apt 1537
Dru,dsnaddon5@google.ru,01839500010,Male,Room 768
Nevins,ncaraher6@dedecms.com,01839500011,Non-binary,Suite 88
Boot,bdinsmore7@cisco.com,01839500012,Male,Apt 1504
Crichton,cfeander8@blogs.com,01839500013,Female,PO Box 40218
Sutherland,swoodhams9@ebay.co.uk,01839500014,Female,Room 3
Brant,bmuckarta@ifeng.com,01839500015,Female,Suite 19
Erek,egoodayb@t.co,01839500016,Female,15th Floor
Hector,hchaterc@si.edu,01839500017,Female,Apt 99
Stephanus,spettecrewd@nature.com,01839500018,Female,Apt 195
Karlens,ktunkine@google.com.hk,01839500019,Male,PO Box 97955
Nappy,ntellessonf@harvard.edu,01839500020,Female,PO Box 58316
Silvanus,sbuckamg@eventbrite.com,01839500021,Male,Suite 56
swapnil,hjelletth@microsoft.com,01839500022,Male,PO Box 43306
Sander,sjakuboviczi@360.cn,01839500023,Male,PO Box 58149
